Node 1,Node 2,Cosine Similarity,Linkage Type
0,843,0.30623335,Moderate linkage
1,89,0.32371405,Moderate linkage
2,119,0.3409258,Moderate linkage
2,137,0.3330132,Moderate linkage
2,139,0.31624305,Moderate linkage
2,714,0.29016542,Moderate linkage
439,661,0.28725398,Moderate linkage
187,86,0.2822619,Moderate linkage
187,404,0.2806667,Moderate linkage
187,507,0.3163608,Moderate linkage
187,404,0.2806667,Moderate linkage
187,796,0.3709823,Moderate linkage
187,507,0.3163608,Moderate linkage
187,404,0.2806667,Moderate linkage
187,796,0.3709823,Moderate linkage
187,796,0.3709823,Moderate linkage
187,507,0.3163608,Moderate linkage
187,696,0.3040922,Moderate linkage
187,796,0.3709823,Moderate linkage
5,523,0.29810128,Moderate linkage
6,123,0.3271332,Moderate linkage
6,228,0.31704256,Moderate linkage
6,556,0.30364573,Moderate linkage
35,21,0.2915069,Moderate linkage
35,35,0.9999999,Strong linkage
35,41,0.2877276,Moderate linkage
35,525,0.2826857,Moderate linkage
449,449,0.99999994,Strong linkage
449,449,0.99999994,Strong linkage
9,716,0.31041,Moderate linkage
10,234,0.29033583,Moderate linkage
10,488,0.29009208,Moderate linkage
10,597,0.28027827,Moderate linkage
11,344,0.29516497,Moderate linkage
12,302,0.28268036,Moderate linkage
12,408,0.31242433,Moderate linkage
13,550,0.32413703,Moderate linkage
14,762,0.31266525,Moderate linkage
14,283,0.2839235,Moderate linkage
14,356,0.38635737,Moderate linkage
14,762,0.31266525,Moderate linkage
14,444,0.3203267,Moderate linkage
14,526,0.28657952,Moderate linkage
14,762,0.31266525,Moderate linkage
14,816,0.32621998,Moderate linkage
15,259,0.3276705,Moderate linkage
15,798,0.3651003,Moderate linkage
16,157,0.28984633,Moderate linkage
16,468,0.28373322,Moderate linkage
16,491,0.28581354,Moderate linkage
736,736,0.99999994,Strong linkage
736,75,0.29565856,Moderate linkage
736,736,0.99999994,Strong linkage
736,605,0.28993517,Moderate linkage
736,736,0.99999994,Strong linkage
839,639,0.2854288,Moderate linkage
839,839,0.9999998,Strong linkage
839,639,0.2854288,Moderate linkage
839,651,0.32918966,Moderate linkage
839,839,0.9999998,Strong linkage
20,777,0.28516558,Moderate linkage
20,579,0.28065017,Moderate linkage
20,738,0.29698852,Moderate linkage
20,777,0.28516558,Moderate linkage
21,35,0.2915069,Moderate linkage
21,549,0.29531682,Moderate linkage
22,710,0.29138926,Moderate linkage
592,49,0.36422655,Moderate linkage
592,592,0.9999999,Strong linkage
592,592,0.9999999,Strong linkage
592,592,0.9999999,Strong linkage
24,580,0.30111837,Moderate linkage
24,730,0.30145845,Moderate linkage
183,133,0.28216636,Moderate linkage
183,508,0.28358278,Moderate linkage
27,466,0.3199652,Moderate linkage
27,818,0.2893216,Moderate linkage
28,104,0.28063303,Moderate linkage
700,700,0.9999999,Strong linkage
30,493,0.28748193,Moderate linkage
30,734,0.32304463,Moderate linkage
32,678,0.37153235,Moderate linkage
33,769,0.31905895,Moderate linkage
34,615,0.30005294,Moderate linkage
35,41,0.2877276,Moderate linkage
35,525,0.2826857,Moderate linkage
564,221,0.29828903,Moderate linkage
37,549,0.36467093,Moderate linkage
38,132,0.3027378,Moderate linkage
38,404,0.30238864,Moderate linkage
38,190,0.2953769,Moderate linkage
38,404,0.30238864,Moderate linkage
38,404,0.30238864,Moderate linkage
39,624,0.33931738,Moderate linkage
41,48,0.3108181,Moderate linkage
41,83,0.2856818,Moderate linkage
41,712,0.35047844,Moderate linkage
41,710,0.2804507,Moderate linkage
41,712,0.35047844,Moderate linkage
42,487,0.3008389,Moderate linkage
42,487,0.3008389,Moderate linkage
43,72,0.37230173,Moderate linkage
44,113,0.33441663,Moderate linkage
44,560,0.28870764,Moderate linkage
44,560,0.28870764,Moderate linkage
44,506,0.28452104,Moderate linkage
44,560,0.28870764,Moderate linkage
44,647,0.3478631,Moderate linkage
44,750,0.2965285,Moderate linkage
46,770,0.3262657,Moderate linkage
49,592,0.36422655,Moderate linkage
49,606,0.2913262,Moderate linkage
49,592,0.36422655,Moderate linkage
49,592,0.36422655,Moderate linkage
49,606,0.2913262,Moderate linkage
51,161,0.2910933,Moderate linkage
52,837,0.30189306,Moderate linkage
736,75,0.29565856,Moderate linkage
736,736,0.99999994,Strong linkage
736,605,0.28993517,Moderate linkage
736,736,0.99999994,Strong linkage
362,114,0.28614527,Moderate linkage
797,797,0.9999996,Strong linkage
797,600,0.29048157,Moderate linkage
797,797,0.9999996,Strong linkage
797,797,0.9999996,Strong linkage
797,600,0.29048157,Moderate linkage
797,701,0.35931548,Moderate linkage
797,797,0.9999996,Strong linkage
59,316,0.2817779,Moderate linkage
59,445,0.29017094,Moderate linkage
59,442,0.30797625,Moderate linkage
59,445,0.29017094,Moderate linkage
59,816,0.31908762,Moderate linkage
60,686,0.31002367,Moderate linkage
61,724,0.280595,Moderate linkage
62,480,0.31283855,Moderate linkage
62,525,0.30871725,Moderate linkage
63,132,0.2818114,Moderate linkage
63,682,0.32724032,Moderate linkage
63,740,0.36084595,Moderate linkage
64,751,0.38567236,Moderate linkage
592,592,0.9999999,Strong linkage
592,592,0.9999999,Strong linkage
66,109,0.38242456,Moderate linkage
66,312,0.33052254,Moderate linkage
67,190,0.2908351,Moderate linkage
67,571,0.28198373,Moderate linkage
67,715,0.28646833,Moderate linkage
67,725,0.29943234,Moderate linkage
69,823,0.2965595,Moderate linkage
69,823,0.2965595,Moderate linkage
72,404,0.31820557,Moderate linkage
72,222,0.30263922,Moderate linkage
72,222,0.30263922,Moderate linkage
72,316,0.30648574,Moderate linkage
72,404,0.31820557,Moderate linkage
72,404,0.31820557,Moderate linkage
73,585,0.30506444,Moderate linkage
74,400,0.28447664,Moderate linkage
75,736,0.29565856,Moderate linkage
75,605,0.3348817,Moderate linkage
75,695,0.28983253,Moderate linkage
75,736,0.29565856,Moderate linkage
76,260,0.28913,Moderate linkage
487,108,0.30158144,Moderate linkage
487,487,0.9999999,Strong linkage
78,559,0.3850011,Moderate linkage
78,818,0.304926,Moderate linkage
79,274,0.28166512,Moderate linkage
80,321,0.31760633,Moderate linkage
80,655,0.31292787,Moderate linkage
80,635,0.31322864,Moderate linkage
80,655,0.31292787,Moderate linkage
81,591,0.307785,Moderate linkage
81,591,0.307785,Moderate linkage
82,127,0.29550114,Moderate linkage
82,308,0.29930082,Moderate linkage
82,593,0.31236124,Moderate linkage
82,539,0.28564733,Moderate linkage
82,593,0.31236124,Moderate linkage
82,792,0.28559652,Moderate linkage
83,657,0.3030772,Moderate linkage
84,442,0.29066083,Moderate linkage
84,785,0.28098232,Moderate linkage
84,826,0.28063726,Moderate linkage
85,107,0.2895602,Moderate linkage
85,480,0.29169175,Moderate linkage
86,187,0.2822619,Moderate linkage
87,96,0.30091298,Moderate linkage
87,400,0.33216703,Moderate linkage
87,677,0.295602,Moderate linkage
88,457,0.28508508,Moderate linkage
88,486,0.29625273,Moderate linkage
88,457,0.28508508,Moderate linkage
88,486,0.29625273,Moderate linkage
88,509,0.290385,Moderate linkage
88,692,0.29392755,Moderate linkage
89,581,0.30325153,Moderate linkage
90,159,0.2938898,Moderate linkage
90,717,0.31487468,Moderate linkage
91,820,0.28757474,Moderate linkage
91,615,0.30788308,Moderate linkage
91,642,0.36306944,Moderate linkage
91,725,0.34584916,Moderate linkage
91,820,0.28757474,Moderate linkage
92,255,0.29901284,Moderate linkage
92,604,0.30275652,Moderate linkage
92,604,0.30275652,Moderate linkage
92,604,0.30275652,Moderate linkage
92,696,0.3914001,Moderate linkage
457,308,0.29904848,Moderate linkage
94,625,0.3400594,Moderate linkage
95,803,0.30669406,Moderate linkage
96,110,0.31385002,Moderate linkage
96,351,0.3144737,Moderate linkage
96,510,0.32204354,Moderate linkage
97,281,0.28293705,Moderate linkage
97,332,0.319794,Moderate linkage
97,539,0.29232568,Moderate linkage
97,776,0.2932861,Moderate linkage
99,201,0.29095867,Moderate linkage
100,630,0.32204032,Moderate linkage
100,677,0.2842575,Moderate linkage
723,774,0.31996027,Moderate linkage
723,774,0.31996027,Moderate linkage
723,401,0.28214136,Moderate linkage
723,422,0.28145552,Moderate linkage
723,774,0.31996027,Moderate linkage
103,368,0.29151255,Moderate linkage
103,777,0.31477386,Moderate linkage
103,777,0.31477386,Moderate linkage
105,567,0.28538492,Moderate linkage
105,769,0.2994322,Moderate linkage
106,626,0.30306613,Moderate linkage
106,658,0.31468257,Moderate linkage
107,399,0.2827594,Moderate linkage
107,570,0.28711468,Moderate linkage
107,726,0.3120325,Moderate linkage
108,487,0.30158144,Moderate linkage
110,538,0.28314522,Moderate linkage
110,538,0.28314522,Moderate linkage
111,225,0.333169,Moderate linkage
111,387,0.290027,Moderate linkage
111,748,0.3050132,Moderate linkage
112,284,0.30805838,Moderate linkage
112,422,0.300828,Moderate linkage
113,212,0.30477002,Moderate linkage
113,237,0.28865188,Moderate linkage
113,346,0.29793328,Moderate linkage
113,725,0.2916549,Moderate linkage
114,329,0.30717382,Moderate linkage
114,343,0.29304904,Moderate linkage
114,362,0.28614527,Moderate linkage
114,740,0.2855734,Moderate linkage
115,251,0.28401086,Moderate linkage
115,788,0.34074277,Moderate linkage
116,596,0.31481415,Moderate linkage
116,596,0.31481415,Moderate linkage
120,774,0.29565144,Moderate linkage
120,774,0.29565144,Moderate linkage
120,774,0.29565144,Moderate linkage
121,568,0.2964012,Moderate linkage
122,180,0.29528597,Moderate linkage
122,508,0.29223278,Moderate linkage
124,835,0.28467366,Moderate linkage
125,778,0.29195145,Moderate linkage
126,171,0.30641696,Moderate linkage
126,355,0.2817258,Moderate linkage
126,726,0.29289955,Moderate linkage
126,752,0.29866537,Moderate linkage
127,270,0.35678148,Moderate linkage
127,415,0.32366315,Moderate linkage
127,631,0.32888275,Moderate linkage
127,682,0.32698682,Moderate linkage
128,478,0.2861065,Moderate linkage
128,728,0.37076333,Moderate linkage
129,277,0.28942966,Moderate linkage
129,283,0.29360363,Moderate linkage
129,696,0.299778,Moderate linkage
129,717,0.3768238,Moderate linkage
130,477,0.28933972,Moderate linkage
130,518,0.28106236,Moderate linkage
130,627,0.34421843,Moderate linkage
216,192,0.2845803,Moderate linkage
216,261,0.28645074,Moderate linkage
132,492,0.2943748,Moderate linkage
133,183,0.28216636,Moderate linkage
812,838,0.29099464,Moderate linkage
135,676,0.2815515,Moderate linkage
136,484,0.28951505,Moderate linkage
137,722,0.29242674,Moderate linkage
138,649,0.28718844,Moderate linkage
138,498,0.30790898,Moderate linkage
138,649,0.28718844,Moderate linkage
138,649,0.28718844,Moderate linkage
138,680,0.33612603,Moderate linkage
139,270,0.29459023,Moderate linkage
140,616,0.29516286,Moderate linkage
142,408,0.31029052,Moderate linkage
142,581,0.3021279,Moderate linkage
143,731,0.323852,Moderate linkage
144,773,0.29405874,Moderate linkage
144,773,0.29405874,Moderate linkage
144,773,0.29405874,Moderate linkage
145,277,0.34904513,Moderate linkage
146,505,0.33953166,Moderate linkage
147,423,0.29874748,Moderate linkage
148,387,0.35495755,Moderate linkage
763,763,0.99999994,Strong linkage
763,463,0.31513336,Moderate linkage
763,763,0.99999994,Strong linkage
150,254,0.298544,Moderate linkage
150,698,0.3602053,Moderate linkage
151,385,0.29111752,Moderate linkage
152,190,0.31897318,Moderate linkage
765,765,0.99999994,Strong linkage
765,427,0.32815057,Moderate linkage
765,765,0.99999994,Strong linkage
154,299,0.31402355,Moderate linkage
154,587,0.3279038,Moderate linkage
154,587,0.3279038,Moderate linkage
154,587,0.3279038,Moderate linkage
154,686,0.30568337,Moderate linkage
155,270,0.32546458,Moderate linkage
155,704,0.3530065,Moderate linkage
155,704,0.3530065,Moderate linkage
156,201,0.3232705,Moderate linkage
156,743,0.3351734,Moderate linkage
157,596,0.2968786,Moderate linkage
157,596,0.2968786,Moderate linkage
159,404,0.2934062,Moderate linkage
159,404,0.2934062,Moderate linkage
159,404,0.2934062,Moderate linkage
160,639,0.29072815,Moderate linkage
160,639,0.29072815,Moderate linkage
160,661,0.29736763,Moderate linkage
160,841,0.29340932,Moderate linkage
161,182,0.30187812,Moderate linkage
161,789,0.3069475,Moderate linkage
164,224,0.30220482,Moderate linkage
404,187,0.2806667,Moderate linkage
404,786,0.30842474,Moderate linkage
404,786,0.30842474,Moderate linkage
833,833,0.99999994,Strong linkage
168,584,0.29117513,Moderate linkage
168,665,0.31093487,Moderate linkage
169,672,0.30411375,Moderate linkage
170,373,0.2965685,Moderate linkage
171,827,0.31580967,Moderate linkage
172,223,0.292583,Moderate linkage
172,642,0.28696385,Moderate linkage
173,572,0.31273112,Moderate linkage
173,573,0.3174538,Moderate linkage
173,834,0.3273043,Moderate linkage
175,458,0.3598536,Moderate linkage
176,521,0.30034128,Moderate linkage
177,608,0.30781642,Moderate linkage
177,329,0.29347277,Moderate linkage
177,521,0.2813078,Moderate linkage
177,608,0.30781642,Moderate linkage
180,295,0.2902848,Moderate linkage
181,767,0.28677186,Moderate linkage
181,410,0.39586523,Moderate linkage
181,767,0.28677186,Moderate linkage
182,232,0.28918576,Moderate linkage
183,508,0.28358278,Moderate linkage
222,222,0.99999976,Strong linkage
185,627,0.2921554,Moderate linkage
186,453,0.29468414,Moderate linkage
187,507,0.3163608,Moderate linkage
187,404,0.2806667,Moderate linkage
187,796,0.3709823,Moderate linkage
187,507,0.3163608,Moderate linkage
187,404,0.2806667,Moderate linkage
187,796,0.3709823,Moderate linkage
187,796,0.3709823,Moderate linkage
187,507,0.3163608,Moderate linkage
187,696,0.3040922,Moderate linkage
187,796,0.3709823,Moderate linkage
762,762,0.9999998,Strong linkage
762,537,0.2823492,Moderate linkage
762,750,0.2985595,Moderate linkage
762,762,0.9999998,Strong linkage
189,244,0.29187182,Moderate linkage
189,551,0.29912695,Moderate linkage
191,272,0.28029856,Moderate linkage
192,216,0.2845803,Moderate linkage
192,224,0.2804381,Moderate linkage
192,758,0.3386857,Moderate linkage
765,427,0.32815057,Moderate linkage
765,765,0.99999994,Strong linkage
194,770,0.30686954,Moderate linkage
449,449,0.99999994,Strong linkage
767,288,0.39510432,Moderate linkage
197,323,0.31205294,Moderate linkage
199,544,0.28083754,Moderate linkage
455,760,0.3069443,Moderate linkage
201,465,0.3072571,Moderate linkage
202,785,0.36367726,Moderate linkage
773,415,0.32485047,Moderate linkage
773,842,0.31860232,Moderate linkage
774,774,0.99999994,Strong linkage
774,401,0.31168702,Moderate linkage
774,723,0.31996027,Moderate linkage
774,723,0.31996027,Moderate linkage
774,774,0.99999994,Strong linkage
206,583,0.3251816,Moderate linkage
207,392,0.28246695,Moderate linkage
207,621,0.30668005,Moderate linkage
207,679,0.3136104,Moderate linkage
208,275,0.29125422,Moderate linkage
208,697,0.28600115,Moderate linkage
209,596,0.2824312,Moderate linkage
209,596,0.2824312,Moderate linkage
211,370,0.28889087,Moderate linkage
214,427,0.30552605,Moderate linkage
214,757,0.34583765,Moderate linkage
807,660,0.33384755,Moderate linkage
807,807,0.9999999,Strong linkage
807,809,0.304638,Moderate linkage
216,261,0.28645074,Moderate linkage
812,838,0.29099464,Moderate linkage
219,400,0.2905699,Moderate linkage
219,414,0.2981837,Moderate linkage
219,746,0.3130529,Moderate linkage
221,405,0.34149906,Moderate linkage
221,546,0.281517,Moderate linkage
221,564,0.29828903,Moderate linkage
224,671,0.30603772,Moderate linkage
226,451,0.3181662,Moderate linkage
489,489,0.99999994,Strong linkage
489,549,0.28804213,Moderate linkage
228,277,0.3170165,Moderate linkage
228,344,0.28824708,Moderate linkage
228,706,0.296878,Moderate linkage
230,483,0.3183927,Moderate linkage
230,417,0.30735874,Moderate linkage
230,483,0.3183927,Moderate linkage
230,612,0.2936237,Moderate linkage
230,688,0.2904079,Moderate linkage
232,353,0.3088706,Moderate linkage
232,693,0.31723052,Moderate linkage
709,706,0.28239518,Moderate linkage
709,806,0.2840404,Moderate linkage
234,361,0.31438425,Moderate linkage
234,411,0.2846581,Moderate linkage
712,710,0.31437013,Moderate linkage
712,712,0.99999976,Strong linkage
712,831,0.29860628,Moderate linkage
238,782,0.30781308,Moderate linkage
239,426,0.28704366,Moderate linkage
239,426,0.28704366,Moderate linkage
239,477,0.30988225,Moderate linkage
240,503,0.29116064,Moderate linkage
241,261,0.29360968,Moderate linkage
241,593,0.3481151,Moderate linkage
241,593,0.3481151,Moderate linkage
242,571,0.31822717,Moderate linkage
244,600,0.2866046,Moderate linkage
244,600,0.2866046,Moderate linkage
507,591,0.31326163,Moderate linkage
507,507,0.99999994,Strong linkage
507,507,0.99999994,Strong linkage
507,591,0.31326163,Moderate linkage
406,539,0.2834785,Moderate linkage
247,483,0.30009568,Moderate linkage
247,483,0.30009568,Moderate linkage
248,836,0.29907304,Moderate linkage
249,294,0.29814383,Moderate linkage
249,462,0.2814687,Moderate linkage
648,274,0.31291083,Moderate linkage
648,769,0.37372863,Moderate linkage
648,815,0.28492454,Moderate linkage
251,479,0.32671496,Moderate linkage
251,566,0.28054687,Moderate linkage
591,507,0.31326163,Moderate linkage
591,507,0.31326163,Moderate linkage
591,591,0.99999994,Strong linkage
591,607,0.30414918,Moderate linkage
253,429,0.3333831,Moderate linkage
254,394,0.2806472,Moderate linkage
254,476,0.28282246,Moderate linkage
255,596,0.33851427,Moderate linkage
255,596,0.33851427,Moderate linkage
419,329,0.28678587,Moderate linkage
419,419,0.99999994,Strong linkage
257,811,0.30332878,Moderate linkage
258,314,0.28672996,Moderate linkage
258,424,0.28520498,Moderate linkage
258,531,0.28182772,Moderate linkage
258,547,0.28178173,Moderate linkage
259,317,0.42019933,Moderate linkage
259,498,0.310495,Moderate linkage
260,340,0.30713728,Moderate linkage
260,826,0.34398323,Moderate linkage
263,418,0.28961155,Moderate linkage
263,777,0.28734496,Moderate linkage
263,511,0.29413298,Moderate linkage
263,777,0.28734496,Moderate linkage
263,840,0.28392994,Moderate linkage
264,543,0.3061843,Moderate linkage
540,429,0.28158432,Moderate linkage
540,540,0.9999998,Strong linkage
602,602,0.9999996,Strong linkage
602,602,0.9999996,Strong linkage
267,368,0.32540467,Moderate linkage
270,552,0.31874347,Moderate linkage
272,329,0.3360298,Moderate linkage
272,530,0.2849829,Moderate linkage
274,648,0.31291083,Moderate linkage
274,648,0.31291083,Moderate linkage
274,718,0.3161026,Moderate linkage
275,299,0.29401377,Moderate linkage
275,323,0.29426435,Moderate linkage
276,606,0.2811602,Moderate linkage
276,606,0.2811602,Moderate linkage
276,631,0.30126506,Moderate linkage
277,678,0.3042212,Moderate linkage
277,717,0.2823896,Moderate linkage
277,792,0.28158638,Moderate linkage
606,753,0.31179798,Moderate linkage
279,815,0.31627402,Moderate linkage
280,841,0.28857362,Moderate linkage
281,651,0.28956273,Moderate linkage
282,299,0.3183866,Moderate linkage
282,405,0.3066266,Moderate linkage
283,445,0.28799316,Moderate linkage
283,444,0.35444692,Moderate linkage
283,445,0.28799316,Moderate linkage
283,523,0.29510632,Moderate linkage
284,328,0.28527665,Moderate linkage
284,447,0.38763776,Moderate linkage
284,805,0.34512907,Moderate linkage
608,608,0.9999998,Strong linkage
608,746,0.32029858,Moderate linkage
286,357,0.36632818,Moderate linkage
287,358,0.282575,Moderate linkage
287,824,0.3540102,Moderate linkage
287,611,0.29814348,Moderate linkage
287,824,0.3540102,Moderate linkage
288,566,0.283716,Moderate linkage
288,747,0.28834593,Moderate linkage
288,767,0.39510432,Moderate linkage
289,458,0.30019712,Moderate linkage
290,635,0.32469857,Moderate linkage
290,672,0.30530414,Moderate linkage
292,546,0.286224,Moderate linkage
293,477,0.32124004,Moderate linkage
294,786,0.28634942,Moderate linkage
294,786,0.28634942,Moderate linkage
295,408,0.3114401,Moderate linkage
633,734,0.33590972,Moderate linkage
560,640,0.3053445,Moderate linkage
560,560,0.9999999,Strong linkage
560,560,0.9999999,Strong linkage
560,655,0.3492985,Moderate linkage
560,640,0.3053445,Moderate linkage
560,655,0.3492985,Moderate linkage
560,670,0.30573815,Moderate linkage
560,720,0.28848645,Moderate linkage
562,424,0.36638325,Moderate linkage
299,597,0.29452667,Moderate linkage
299,772,0.28535613,Moderate linkage
300,444,0.2840277,Moderate linkage
301,390,0.32940465,Moderate linkage
301,505,0.29519492,Moderate linkage
302,529,0.30226758,Moderate linkage
303,799,0.29295978,Moderate linkage
639,839,0.2854288,Moderate linkage
639,732,0.35154462,Moderate linkage
639,839,0.2854288,Moderate linkage
639,841,0.2848792,Moderate linkage
640,560,0.3053445,Moderate linkage
640,541,0.34460244,Moderate linkage
640,560,0.3053445,Moderate linkage
640,830,0.3218914,Moderate linkage
306,657,0.28077516,Moderate linkage
307,323,0.29893696,Moderate linkage
307,394,0.3021826,Moderate linkage
308,457,0.29904848,Moderate linkage
309,576,0.28347751,Moderate linkage
309,740,0.35701007,Moderate linkage
649,660,0.30497655,Moderate linkage
312,423,0.3076357,Moderate linkage
313,635,0.32097045,Moderate linkage
314,666,0.3652948,Moderate linkage
315,475,0.29247814,Moderate linkage
315,695,0.28438425,Moderate linkage
316,637,0.2849045,Moderate linkage
317,716,0.32240978,Moderate linkage
322,683,0.28538096,Moderate linkage
323,541,0.31650114,Moderate linkage
323,730,0.34425932,Moderate linkage
324,826,0.28625295,Moderate linkage
325,834,0.28393036,Moderate linkage
328,462,0.29877213,Moderate linkage
328,516,0.30161822,Moderate linkage
329,419,0.28678587,Moderate linkage
329,434,0.29383287,Moderate linkage
329,594,0.28208265,Moderate linkage
333,593,0.33414966,Moderate linkage
333,593,0.33414966,Moderate linkage
333,749,0.29940265,Moderate linkage
336,721,0.3207931,Moderate linkage
445,813,0.282537,Moderate linkage
823,576,0.28547746,Moderate linkage
823,652,0.28321806,Moderate linkage
340,399,0.28130683,Moderate linkage
398,398,0.99999994,Strong linkage
346,825,0.36556622,Moderate linkage
347,422,0.3351195,Moderate linkage
347,619,0.31501892,Moderate linkage
347,627,0.34822163,Moderate linkage
774,401,0.31168702,Moderate linkage
774,723,0.31996027,Moderate linkage
774,723,0.31996027,Moderate linkage
774,774,0.99999994,Strong linkage
404,786,0.30842474,Moderate linkage
404,786,0.30842474,Moderate linkage
353,777,0.31538752,Moderate linkage
353,539,0.30173725,Moderate linkage
353,777,0.31538752,Moderate linkage
354,575,0.31025594,Moderate linkage
354,643,0.2845236,Moderate linkage
355,691,0.29049465,Moderate linkage
358,437,0.2894743,Moderate linkage
839,639,0.2854288,Moderate linkage
839,651,0.32918966,Moderate linkage
839,839,0.9999998,Strong linkage
796,796,0.9999998,Strong linkage
796,796,0.9999998,Strong linkage
796,796,0.9999998,Strong linkage
797,600,0.29048157,Moderate linkage
797,797,0.9999996,Strong linkage
797,797,0.9999996,Strong linkage
797,600,0.29048157,Moderate linkage
797,701,0.35931548,Moderate linkage
797,797,0.9999996,Strong linkage
587,587,0.99999964,Strong linkage
587,587,0.99999964,Strong linkage
370,598,0.3245301,Moderate linkage
481,701,0.34864506,Moderate linkage
373,423,0.3120573,Moderate linkage
373,813,0.30065635,Moderate linkage
593,493,0.28453422,Moderate linkage
593,808,0.3876673,Moderate linkage
600,797,0.29048157,Moderate linkage
600,797,0.29048157,Moderate linkage
600,600,0.9999999,Strong linkage
600,797,0.29048157,Moderate linkage
426,444,0.28337112,Moderate linkage
426,494,0.2849027,Moderate linkage
380,430,0.3493751,Moderate linkage
380,818,0.28435576,Moderate linkage
381,585,0.2817441,Moderate linkage
382,614,0.31182194,Moderate linkage
383,577,0.28795052,Moderate linkage
483,483,0.9999998,Strong linkage
483,703,0.28178394,Moderate linkage
386,452,0.32496488,Moderate linkage
387,733,0.28579357,Moderate linkage
388,617,0.31791994,Moderate linkage
388,617,0.31791994,Moderate linkage
390,476,0.31875193,Moderate linkage
391,539,0.2895541,Moderate linkage
393,456,0.3006956,Moderate linkage
393,734,0.3100291,Moderate linkage
394,766,0.3055235,Moderate linkage
394,493,0.31426924,Moderate linkage
394,766,0.3055235,Moderate linkage
394,788,0.31855243,Moderate linkage
560,560,0.9999999,Strong linkage
560,655,0.3492985,Moderate linkage
560,640,0.3053445,Moderate linkage
560,655,0.3492985,Moderate linkage
560,670,0.30573815,Moderate linkage
560,720,0.28848645,Moderate linkage
824,524,0.2812861,Moderate linkage
824,631,0.35867637,Moderate linkage
400,559,0.28756753,Moderate linkage
400,724,0.30047938,Moderate linkage
401,723,0.28214136,Moderate linkage
401,723,0.28214136,Moderate linkage
401,774,0.31168702,Moderate linkage
401,781,0.2839637,Moderate linkage
402,506,0.3191484,Moderate linkage
402,533,0.3510481,Moderate linkage
402,741,0.29583758,Moderate linkage
507,507,0.99999994,Strong linkage
507,591,0.31326163,Moderate linkage
404,786,0.30842474,Moderate linkage
404,786,0.30842474,Moderate linkage
406,539,0.2834785,Moderate linkage
786,583,0.30284804,Moderate linkage
410,519,0.29058874,Moderate linkage
796,796,0.9999998,Strong linkage
796,796,0.9999998,Strong linkage
797,797,0.9999996,Strong linkage
797,600,0.29048157,Moderate linkage
797,701,0.35931548,Moderate linkage
797,797,0.9999996,Strong linkage
414,576,0.3105559,Moderate linkage
415,773,0.32485047,Moderate linkage
415,773,0.32485047,Moderate linkage
481,701,0.34864506,Moderate linkage
422,723,0.28145552,Moderate linkage
422,644,0.30186227,Moderate linkage
422,644,0.30186227,Moderate linkage
422,723,0.28145552,Moderate linkage
424,562,0.36638325,Moderate linkage
426,444,0.28337112,Moderate linkage
426,494,0.2849027,Moderate linkage
427,765,0.32815057,Moderate linkage
538,435,0.32982,Moderate linkage
538,538,0.9999999,Strong linkage
538,713,0.3384398,Moderate linkage
538,713,0.3384398,Moderate linkage
538,729,0.2858693,Moderate linkage
429,540,0.28158432,Moderate linkage
434,642,0.28144446,Moderate linkage
435,538,0.32982,Moderate linkage
435,557,0.28340194,Moderate linkage
436,528,0.28641495,Moderate linkage
436,721,0.3003459,Moderate linkage
437,488,0.2900708,Moderate linkage
439,661,0.28725398,Moderate linkage
440,537,0.28982383,Moderate linkage
440,701,0.3920788,Moderate linkage
820,820,0.9999999,Strong linkage
762,537,0.2823492,Moderate linkage
762,750,0.2985595,Moderate linkage
762,762,0.9999998,Strong linkage
444,583,0.29196697,Moderate linkage
445,813,0.282537,Moderate linkage
763,463,0.31513336,Moderate linkage
763,763,0.99999994,Strong linkage
448,467,0.29115292,Moderate linkage
448,572,0.30306375,Moderate linkage
766,766,0.9999998,Strong linkage
451,790,0.3592573,Moderate linkage
452,528,0.28153905,Moderate linkage
453,808,0.2930093,Moderate linkage
455,760,0.3069443,Moderate linkage
456,641,0.28992313,Moderate linkage
458,626,0.32245114,Moderate linkage
458,758,0.28081328,Moderate linkage
773,842,0.31860232,Moderate linkage
777,590,0.35301986,Moderate linkage
777,662,0.29603484,Moderate linkage
777,777,0.9999999,Strong linkage
463,493,0.33410498,Moderate linkage
463,722,0.30541617,Moderate linkage
463,763,0.31513336,Moderate linkage
723,774,0.31996027,Moderate linkage
465,574,0.3528061,Moderate linkage
466,518,0.32449555,Moderate linkage
517,537,0.28927183,Moderate linkage
517,551,0.2945433,Moderate linkage
736,605,0.28993517,Moderate linkage
736,736,0.99999994,Strong linkage
796,796,0.9999998,Strong linkage
797,600,0.29048157,Moderate linkage
797,701,0.35931548,Moderate linkage
797,797,0.9999996,Strong linkage
475,617,0.299836,Moderate linkage
475,617,0.299836,Moderate linkage
476,772,0.28211927,Moderate linkage
479,563,0.29538456,Moderate linkage
481,701,0.34864506,Moderate linkage
482,488,0.29334173,Moderate linkage
482,751,0.29264235,Moderate linkage
483,703,0.28178394,Moderate linkage
484,603,0.29323506,Moderate linkage
484,660,0.31303167,Moderate linkage
484,739,0.289314,Moderate linkage
489,549,0.28804213,Moderate linkage
491,499,0.31117284,Moderate linkage
491,718,0.32739106,Moderate linkage
493,593,0.28453422,Moderate linkage
495,735,0.3035716,Moderate linkage
498,514,0.33285257,Moderate linkage
499,630,0.29122263,Moderate linkage
499,677,0.3256766,Moderate linkage
500,635,0.2924651,Moderate linkage
501,718,0.321603,Moderate linkage
506,533,0.3399655,Moderate linkage
506,838,0.28114578,Moderate linkage
507,591,0.31326163,Moderate linkage
508,816,0.28118148,Moderate linkage
509,583,0.29564264,Moderate linkage
510,711,0.3073326,Moderate linkage
644,644,0.99999976,Strong linkage
513,570,0.36729375,Moderate linkage
648,769,0.37372863,Moderate linkage
648,815,0.28492454,Moderate linkage
517,537,0.28927183,Moderate linkage
517,551,0.2945433,Moderate linkage
519,748,0.29221356,Moderate linkage
587,587,0.99999964,Strong linkage
523,659,0.35078055,Moderate linkage
524,824,0.2812861,Moderate linkage
526,799,0.3037062,Moderate linkage
527,652,0.3493008,Moderate linkage
527,834,0.28235954,Moderate linkage
528,775,0.2884171,Moderate linkage
529,542,0.28636315,Moderate linkage
529,739,0.28103706,Moderate linkage
530,805,0.3055807,Moderate linkage
592,592,0.9999999,Strong linkage
533,650,0.31863546,Moderate linkage
536,556,0.30463162,Moderate linkage
536,589,0.30359775,Moderate linkage
536,746,0.31571496,Moderate linkage
537,584,0.29538053,Moderate linkage
537,762,0.2823492,Moderate linkage
538,713,0.3384398,Moderate linkage
538,713,0.3384398,Moderate linkage
538,729,0.2858693,Moderate linkage
539,622,0.28536052,Moderate linkage
541,554,0.33847675,Moderate linkage
541,640,0.34460244,Moderate linkage
542,674,0.28628898,Moderate linkage
542,674,0.28628898,Moderate linkage
543,835,0.30899996,Moderate linkage
602,602,0.9999996,Strong linkage
546,705,0.38059595,Moderate linkage
547,681,0.28320283,Moderate linkage
549,615,0.34851974,Moderate linkage
552,841,0.31607482,Moderate linkage
554,706,0.28138867,Moderate linkage
555,668,0.30479437,Moderate linkage
555,822,0.2954144,Moderate linkage
556,703,0.28433484,Moderate linkage
560,655,0.3492985,Moderate linkage
560,640,0.3053445,Moderate linkage
560,655,0.3492985,Moderate linkage
560,670,0.30573815,Moderate linkage
560,720,0.28848645,Moderate linkage
563,724,0.2943733,Moderate linkage
566,703,0.37429,Moderate linkage
568,629,0.28796282,Moderate linkage
570,669,0.3390493,Moderate linkage
573,769,0.3686369,Moderate linkage
576,713,0.3047004,Moderate linkage
576,713,0.3047004,Moderate linkage
576,823,0.28547746,Moderate linkage
578,722,0.2888019,Moderate linkage
581,612,0.33711877,Moderate linkage
582,695,0.2855605,Moderate linkage
582,701,0.3168484,Moderate linkage
583,786,0.30284804,Moderate linkage
585,831,0.28815058,Moderate linkage
649,660,0.30497655,Moderate linkage
590,742,0.34330133,Moderate linkage
590,777,0.35301986,Moderate linkage
591,607,0.30414918,Moderate linkage
593,808,0.3876673,Moderate linkage
597,616,0.28966635,Moderate linkage
598,771,0.28993547,Moderate linkage
599,832,0.3479937,Moderate linkage
600,797,0.29048157,Moderate linkage
605,736,0.28993517,Moderate linkage
606,753,0.31179798,Moderate linkage
608,746,0.32029858,Moderate linkage
655,655,0.9999998,Strong linkage
611,783,0.32231146,Moderate linkage
611,795,0.32928282,Moderate linkage
621,746,0.28350127,Moderate linkage
623,827,0.28876045,Moderate linkage
624,641,0.30571577,Moderate linkage
629,749,0.31159776,Moderate linkage
629,828,0.28903183,Moderate linkage
631,824,0.35867637,Moderate linkage
631,845,0.35773596,Moderate linkage
633,734,0.33590972,Moderate linkage
637,665,0.30445826,Moderate linkage
674,674,0.99999994,Strong linkage
639,732,0.35154462,Moderate linkage
639,839,0.2854288,Moderate linkage
639,841,0.2848792,Moderate linkage
640,830,0.3218914,Moderate linkage
645,657,0.31120327,Moderate linkage
645,768,0.2971164,Moderate linkage
647,787,0.28347987,Moderate linkage
648,769,0.37372863,Moderate linkage
648,815,0.28492454,Moderate linkage
649,660,0.30497655,Moderate linkage
650,658,0.3029457,Moderate linkage
650,682,0.28524876,Moderate linkage
650,806,0.32402733,Moderate linkage
651,839,0.32918966,Moderate linkage
652,823,0.28321806,Moderate linkage
660,807,0.33384755,Moderate linkage
662,726,0.3369612,Moderate linkage
662,777,0.29603484,Moderate linkage
671,745,0.31034195,Moderate linkage
673,843,0.2831378,Moderate linkage
677,769,0.2804431,Moderate linkage
693,714,0.30001906,Moderate linkage
693,720,0.33735338,Moderate linkage
695,825,0.32456177,Moderate linkage
701,797,0.35931548,Moderate linkage
702,827,0.334739,Moderate linkage
706,709,0.28239518,Moderate linkage
707,829,0.29344484,Moderate linkage
709,806,0.2840404,Moderate linkage
710,712,0.31437013,Moderate linkage
710,842,0.31088668,Moderate linkage
712,831,0.29860628,Moderate linkage
723,774,0.31996027,Moderate linkage
724,804,0.28282067,Moderate linkage
727,844,0.2837366,Moderate linkage
728,811,0.3153114,Moderate linkage
732,841,0.29418236,Moderate linkage
733,800,0.2876353,Moderate linkage
735,822,0.37888867,Moderate linkage
743,755,0.30122077,Moderate linkage
744,828,0.28729242,Moderate linkage
745,815,0.31078017,Moderate linkage
747,758,0.28501162,Moderate linkage
748,801,0.35059538,Moderate linkage
750,762,0.2985595,Moderate linkage
755,818,0.29345664,Moderate linkage
759,814,0.31445497,Moderate linkage
761,808,0.28800094,Moderate linkage
770,841,0.28226402,Moderate linkage
773,842,0.31860232,Moderate linkage
783,785,0.30394876,Moderate linkage
807,809,0.304638,Moderate linkage
811,843,0.2815516,Moderate linkage
812,838,0.29099464,Moderate linkage
822,841,0.28762847,Moderate linkage
